date,total,china,usa,vietnam,hongkong,japan,korea_index,oecd_index,ex_rate,oil
2000-01-01,12162424632,1235215271,2609787984,109742698,782348732,1551722070,104.5551,101.9159,1131.07,27.01
2000-02-01,12676042304,1273117309,2554309883,112395157,823990122,1518844843,104.0694,102.0749,1128.8,29.3
2000-03-01,14429703086,1437377223,2946820669,150134562,911648256,1783564618,103.6081,102.1862,1117.19,29.89
2000-04-01,13522040017,1366876604,2698029849,169146208,863243219,1582707525,103.2002,102.2381,1109.76,25.54
2000-05-01,14636754971,1663240667,3167181403,169411680,887081090,1671039709,102.8153,102.2364,1120.01,28.81
2000-06-01,15250939656,1636969297,3214982843,156502370,883530139,1670427579,102.4165,102.1903,1118.73,31.53
2000-07-01,14455655854,1606725442,3255804253,137391132,870993704,1645587937,101.9523,102.1122,1114.86,29.72
2000-08-01,14786880244,1685673813,3267078390,121056169,923675716,1678044413,101.3882,102.0023,1114.57,31.14
2000-09-01,15133379448,1592373209,3510988785,127921283,943856029,1900124085,100.7063,101.8513,1116.5,33.87
2000-10-01,15248067735,1619740904,3471764548,126551005,981958017,1773514357,99.93902,101.6503,1127.31,32.93
2000-11-01,14989067774,1728475871,3331334272,150756897,944141978,1877923709,99.15523,101.3888,1151.15,34.26
2000-12-01,14976554592,1608753969,3582547249,155015425,891627321,1812514974,98.4266,101.0676,1214.4,28.4
2001-01-01,12644929017,1239083390,2703366934,94830841,702872420,1616072581,97.81982,100.7043,1272.82,29.26
2001-02-01,13354073762,1513732501,2502468673,135284913,802615931,1546804634,97.39446,100.3311,1252.44,29.64
2001-03-01,14124891326,1607051165,2855151093,159595798,852738239,1637434941,97.1758,99.98171,1288.43,27.27
2001-04-01,12121109771,1540004834,2427541727,158361600,858202241,1365516173,97.10837,99.68444,1325.55,27.62
2001-05-01,13306959164,1600296077,2511513054,163293890,936811601,1479760006,97.13628,99.44013,1298.46,28.68
2001-06-01,12931941025,1647396857,2669876560,162529118,791948637,1421370438,97.24384,99.2213,1293.83,27.58
2001-07-01,11392256710,1532212464,2434080251,134354511,698154966,1206250955,97.4566,99.01754,1302.6,26.47
2001-08-01,11766192458,1488933965,2586477504,131830895,698675179,1210560889,97.7769,98.83878,1285.39,27.31
2001-09-01,12447323670,1515586442,2837276788,137161302,774206111,1298082968,98.20766,98.70084,1293.7,25.93
2001-10-01,12086028283,1485592377,2593946857,139408674,792686908,1233369518,98.77131,98.64075,1302.6,22.21
2001-11-01,12348966889,1517838556,2711414606,158303058,774088862,1328742455,99.45741,98.67867,1284,19.67
2001-12-01,11914472044,1502461022,2377681032,156708036,768677224,1161800697,100.2064,98.79727,1289.66,19.4
2002-01-01,11381879453,1471487338,2496356532,126243658,710914959,1054722674,100.9429,98.96349,1317.6,19.73
2002-02-01,11023036912,1314887195,2267664325,118939281,658025209,1065870276,101.5902,99.13837,1318.72,20.76
2002-03-01,13251322898,1776786999,2745682039,162112998,849361366,1194416507,102.0817,99.28693,1322.51,24.44
2002-04-01,13184534346,1857224615,2754209141,197481812,843910378,1187275726,102.3485,99.37627,1318.93,26.26
2002-05-01,14173176611,1941925212,2836154720,281202443,897000426,1282811471,102.3897,99.39031,1266.06,26.95
2002-06-01,12894088493,1838409871,2381101704,198034906,938056325,1220583003,102.2595,99.33192,1223.47,25.55
2002-07-01,13395178905,2010716667,2708340089,168237505,903056331,1302584242,102.0314,99.23101,1185.12,26.94
2002-08-01,13959109880,2034950003,2745114596,170608783,856444734,1244127422,101.734,99.11121,1196.37,28.2
2002-09-01,13900763481,2107709414,2745226658,175078338,830116731,1287483718,101.3951,98.98662,1208.5,29.67
2002-10-01,15084658742,2472827761,3110798556,219061171,890016045,1409834404,101.0093,98.86366,1241.13,28.86
2002-11-01,15196561477,2396004989,3028530917,215989041,888201439,1474813167,100.5675,98.73706,1211.91,26.19
2002-12-01,15026216602,2530655690,2961008886,207197508,880431442,1418660277,100.0521,98.5972,1208.91,29.39
2003-01-01,14319930962,2289754881,2612314009,160001619,882496951,1395928617,99.48151,98.45699,1179.46,32.7
2003-02-01,13337144558,2379306564,2383517948,168340812,892958358,1225944611,98.94657,98.33842,1191.27,35.73
2003-03-01,15378850237,2659292622,2749138408,252511469,1072609239,1371507580,98.53373,98.27312,1233.68,33.16
2003-04-01,15720592277,2560138383,2807774807,254067765,1138131661,1406227585,98.28757,98.28885,1231.51,28.14
2003-05-01,14676091579,2475020616,2633439848,236404469,1119015400,1350886060,98.22107,98.38055,1200.14,28.07
2003-06-01,15656327385,2609510640,2803208194,228234538,1154056078,1319147409,98.32925,98.53647,1194.07,30.52
2003-07-01,15431714254,2964910238,2497304252,194171150,1103554595,1382143845,98.57484,98.7387,1181.55,30.7
2003-08-01,15375268390,3078356503,2585265507,164080059,1192550868,1298388017,98.90521,98.97108,1178.32,31.6
2003-09-01,17021082330,3274210504,3034998707,192545654,1274404786,1437461044,99.25294,99.21768,1166.03,28.31
2003-10-01,18929664626,3540626175,3425960263,239220981,1518784077,1725329265,99.58062,99.45863,1166.04,30.35
2003-11-01,18242088134,3448459677,3213552727,222750947,1511066342,1698328371,99.86736,99.66798,1185.21,31.06
2003-12-01,19728688098,3830128278,3472926852,248904759,1794107234,1664844557,100.1021,99.82826,1192.85,32.14
2004-01-01,18987120155,3320938836,2644698134,163655810,1752427343,1552892077,100.2789,99.93563,1184.64,34.22
2004-02-01,19136967537,3686545830,3097012039,219836657,1623980661,1732592270,100.3851,100.0031,1166.96,34.5
2004-03-01,21174854848,4030541099,3534532863,290300792,2000495364,1911030362,100.4227,100.0376,1166.33,36.72
2004-04-01,21483356558,4097864960,3544622758,307250394,1922309600,1818283540,100.4166,100.048,1150.81,36.62
2004-05-01,20834258911,4296986705,3559012806,289277128,1680079037,1863901016,100.3633,100.0418,1177.01,40.28
2004-06-01,21657111358,4113746869,4106098212,236283306,1396816496,1696810982,100.2948,100.0306,1158.54,38.05
2004-07-01,21003794339,4479869971,3623191685,242243975,1290155367,1836487014,100.2292,100.0246,1158.12,40.81
2004-08-01,19798968731,4101366165,3470222358,221873125,1375518159,1604839240,100.1611,100.0283,1158.96,44.88
2004-09-01,20831133275,4167502231,3616201442,315686171,1355963458,1728688553,100.0862,100.0453,1147.8,45.94
2004-10-01,22663288550,4554437724,4037437608,322247840,1243990637,1889739717,100.0028,100.0651,1143.52,53.09
2004-11-01,23076611989,4470634073,3809459511,308761531,1255319871,2033609169,99.92953,100.0733,1090.1,48.48
2004-12-01,23197205701,4442741000,3806703574,338156929,1230056169,2032462605,99.88475,100.0597,1051.44,43.26
2005-01-01,22454025470,4478629894,3478719869,263408894,1119491360,1873433140,99.89077,100.0167,1038.32,46.85
2005-02-01,20401096466,4067751554,2943672615,238002074,1040786715,1724000690,99.94366,99.94788,1022.69,48.05
2005-03-01,23952499856,5100932503,3847122869,302120214,1324503664,2090276572,100.0007,99.86745,1007.28,54.63
2005-04-01,22872504728,4934865151,3461143238,320401485,1212049720,1927815252,100.0456,99.79613,1011,53.22
2005-05-01,23122703254,5084553831,3049347129,285902445,1205126325,2112346565,100.1102,99.75757,1002.13,49.87
2005-06-01,23707576151,5431809725,3281113899,358098763,1274052635,2016336223,100.2296,99.77397,1010.68,56.42
2005-07-01,23235522474,5341837566,3274528563,288826751,1223363867,1947968106,100.4096,99.85201,1036.79,59.03
2005-08-01,23342966614,5423374641,3254946142,243933660,1250952115,1904502129,100.6342,99.98091,1020.96,64.99
2005-09-01,24519190675,5540811566,3535927648,306039562,1398080921,2038942000,100.8645,100.148,1029.23,65.55
2005-10-01,25352747930,5493539451,3602662419,259194900,1508431704,2052962512,101.0652,100.3382,1045.89,62.27
2005-11-01,25826192398,5532306470,3939417098,305140369,1518623109,2130222239,101.196,100.5423,1041.51,58.34
2005-12-01,25631716487,5484570863,3673982901,260584878,1455630080,2208632472,101.2322,100.7493,1027.15,59.45
2006-01-01,23257866107,4800572773,3260917892,238741948,1416175027,2107219013,101.1665,100.9414,987.07,65.54
2006-02-01,23786955697,4837638513,3145899213,218776406,1429481611,2061298842,101.0199,101.1104,970.18,61.93
2006-03-01,26840145449,5725007752,3862474560,328075564,1624505954,2180383012,100.8193,101.2531,975.09,62.97
2006-04-01,25590122639,5428864647,3538737276,311323929,1406909748,1940871331,100.5977,101.3709,954.44,70.16
2006-05-01,27934507286,5768058684,3516047123,380229046,1567171438,2310335086,100.3866,101.4641,941.4,70.96
2006-06-01,27948805195,5982891925,3787495412,358970477,1650654125,2363666720,100.2305,101.5449,955.16,70.97
2006-07-01,25774350220,5644307935,3593549623,293986773,1428038248,2077096965,100.1744,101.6305,950.15,74.46
2006-08-01,27287194510,6221785801,3551040488,427164632,1604949314,2230652616,100.2178,101.745,960.72,73.08
2006-09-01,29651247374,6363844539,3828544843,365584437,1846721555,2369865037,100.3001,101.8946,953.68,63.9
2006-10-01,28015958595,6058696205,3304223107,293295569,1703780761,2138081659,100.3718,102.0718,954.23,59.14
2006-11-01,30602312825,6443253915,4029040001,347815856,1718370478,2335096486,100.4087,102.2635,936.22,59.4
2006-12-01,28775382516,6184255618,3765532644,363511561,1582104456,2419448323,100.4281,102.4486,925.75,62.09
2007-01-01,28092560584,6401707958,3635618824,393193256,1603570068,2011463900,100.463,102.6071,936.36,54.35
2007-02-01,26225124995,5482360139,3704007923,395865922,1289738246,2028249460,100.5406,102.7295,937.02,59.39
2007-03-01,30385840023,6382984185,4059505955,380971885,1433951408,2205708551,100.6615,102.8139,943.26,60.74
2007-04-01,29944456214,6518525742,3844901714,448486348,1391633614,2109682607,100.832,102.8671,931.5,64.04
2007-05-01,31039900633,6587388640,3992972872,480612282,1463176305,2145311544,101.0295,102.8944,927.91,63.53
2007-06-01,32000108762,6548213184,3846283234,441193546,1546368120,2263239284,101.2182,102.8927,928.32,67.53
2007-07-01,30207443864,6889671129,3794752641,529838189,1605736521,2138700677,101.3499,102.8567,918.85,74.15
2007-08-01,30998134234,7158117729,3515831284,409134643,1485644644,2107231025,101.3727,102.7873,933.8,72.36
2007-09-01,29323535026,7034110548,3212919142,505003604,1561123206,1972487840,101.2708,102.6959,932.41,79.63
2007-10-01,34433812739,7740782030,4224090392,567489139,1866502508,2361917716,101.0281,102.5824,915.86,85.66
2007-11-01,35807892835,7942034296,4081464622,554694852,1800519384,2525078306,100.6555,102.4348,916.98,94.63
2007-12-01,33030275842,7299287142,3853753887,653570826,1606486428,2501119699,100.1881,102.2481,930.24,91.74
2008-01-01,32274574545,7269037445,3656069479,667876896,1365283609,2334129074,99.6675,102.0169,942.39,92.93
2008-02-01,31178189869,6438014994,3358817109,593735770,1324379893,2253636083,99.13491,101.7265,944.69,95.35
2008-03-01,35991775719,8338492479,4086718207,975676159,1677823064,2417451550,98.62121,101.3573,979.86,105.42
2008-04-01,37850247110,8647030701,4235371095,863718463,1829490539,2493949572,98.14062,100.8995,986.66,112.46
2008-05-01,39383158044,8914537354,3870187590,622252498,1740411049,2520171535,97.69851,100.3415,1036.73,125.46
2008-06-01,37258607851,8713123386,4215345208,791833046,1780621678,2597267421,97.30029,99.67805,1029.27,134.02
2008-07-01,40961223381,8961206799,4146698566,852483905,2201585803,2617734782,96.9782,98.92261,1019.12,133.48
2008-08-01,36610602764,8538672337,3549423015,538971841,1730462378,2202681431,96.73847,98.0977,1041.54,116.69
2008-09-01,37428302796,8090175934,3833835532,540604386,1814198843,2297715474,96.57812,97.22461,1130.4,103.76
2008-10-01,37111139902,7467633082,4434726510,499257988,1700072050,2443017832,96.53284,96.36265,1326.92,76.72
2008-11-01,28841617185,5296229435,3498158080,365445281,1534419092,2077232377,96.68084,95.61661,1390.09,57.44
2008-12-01,27117888786,4714746071,3491259813,492960852,1073123674,1997483412,97.07272,95.08393,1373.84,42.04
2009-01-01,21133405214,4465852319,2627953178,340038623,1110963049,1530821063,97.70287,94.81582,1346.1,41.92
2009-02-01,25397149528,5560922535,2743835195,422913890,1523657025,1533752785,98.50956,94.82358,1429.46,39.26
2009-03-01,27890830606,6474498039,2935611890,556012955,1401225965,1564472502,99.35662,95.09644,1461.98,48.06
2009-04-01,30326508694,6986960111,3270305537,590312857,1282408374,1669377446,100.1666,95.59364,1341.9,49.95
2009-05-01,27823838875,6635667319,2942502761,578877383,1550775449,1633145037,100.8786,96.24171,1258.71,59.21
2009-06-01,32210047824,7310083501,3278597215,622134532,1719638295,1819762234,101.4862,96.96069,1261.35,69.7
2009-07-01,31908462074,7804229064,3286677233,678621045,1810648319,1859977452,101.9986,97.68873,1263.97,64.29
2009-08-01,28949627324,7656799821,3143716228,554266324,1767895019,1788965745,102.4035,98.38155,1238.4,71.14
2009-09-01,33922428618,8363324548,3387117003,649437259,1696969684,2189255220,102.6815,99.00897,1219.15,69.47
2009-10-01,33970032167,8178383088,3190151618,695379696,1881268385,2014269632,102.8218,99.53954,1175.25,75.82
2009-11-01,33991607471,8162746466,3485643547,671538123,1986934711,2101004828,102.8481,99.96047,1164.23,78.14
2009-12-01,36009622532,9103778567,3357742135,789944748,1928671055,2066034758,102.7824,100.2761,1166.45,74.6
2010-01-01,30735415239,8845994500,3057539746,630172112,1633591813,1876023581,102.6446,100.5054,1138.82,78.4
2010-02-01,33039402331,7954960842,3406384973,530153397,1903182118,1952521443,102.466,100.6681,1157.08,76.45
2010-03-01,37308940314,9761155649,4072583755,696618200,2109175034,2124224922,102.2779,100.7895,1137.64,81.29
2010-04-01,39301013507,9911316633,4338592803,859464393,2054124682,2195317214,102.0908,100.8767,1117.11,84.58
2010-05-01,38887929677,9605689273,4157684544,735725132,2333540724,2261134956,101.9025,100.938,1163.11,74.12
2010-06-01,42049044611,9550810959,4466322929,803822531,2324134640,2367823540,101.7065,101.0028,1212.33,75.4
2010-07-01,40423610784,9878814065,4540970111,862378329,2089795417,2485476304,101.4956,101.0934,1207.3,76.38
2010-08-01,36480955462,9612204216,4050745180,788435685,2162058130,2413490771,101.2814,101.2146,1179.92,76.67
2010-09-01,39410882408,9714201518,4149300882,858723234,2041916588,2377541636,101.0806,101.3505,1167.01,75.55
2010-10-01,43340335313,10348323534,4777592881,948494601,2231244743,2666567994,100.9241,101.4852,1123.45,81.97
2010-11-01,41260912134,10586575214,4447906701,906755555,2224595332,2784634187,100.8405,101.6056,1126.2,84.31
2010-12-01,44145319927,11067787000,4350433455,1031330239,2186986967,2671524631,100.8239,101.6988,1147.55,89.23
2011-01-01,44465366339,10029211217,4143179382,972256499,2368098461,2938130750,100.8411,101.7469,1120.07,89.58
2011-02-01,38467411994,9577541711,3812273860,761839808,2085626661,2701368512,100.82,101.7277,1118.14,89.74
2011-03-01,48052991328,11518731476,4643161735,1128867092,2566588464,3257020652,100.7116,101.6411,1122.45,102.98
2011-04-01,48536725405,10807465994,5094082851,1182297719,2611215292,3575084786,100.5202,101.4831,1086.84,110.04
2011-05-01,47331328872,11294812145,5171509689,1085870458,2759156235,3058715128,100.257,101.2602,1083.54,101.36
2011-06-01,46736892626,11126425492,4969268572,1039279686,2312012166,3402468503,99.94603,100.9792,1081.27,96.29
2011-07-01,48950113013,11829362508,4650593591,1012044849,2864386328,3407616401,99.6171,100.6621,1059.5,97.34
2011-08-01,45792060934,11615643560,4322256349,1167195552,2853164440,3425151059,99.2809,100.3365,1073.17,86.34
2011-09-01,46510964789,11664543504,4794608984,1306856539,2344299427,3414076198,98.96361,100.0371,1118.61,85.61
2011-10-01,46613479836,11842269115,4604884789,1226446881,3070063782,3291812320,98.68826,99.78564,1155.45,86.43
2011-11-01,46012595310,11194390060,5401548478,1264671906,2667430107,3488538645,98.48588,99.59168,1132.31,97.16
2011-12-01,47743725397,11684611820,4600334466,1317295005,2466363303,3719723337,98.39458,99.44791,1147.45,98.58
2012-01-01,41200357940,9793924454,4123411437,1061188915,2540872940,3270842174,98.41517,99.33958,1145.85,100.32
2012-02-01,46316183638,10500481337,5619301450,1259403126,2775074973,3503411607,98.5134,99.2541,1123.35,102.26
2012-03-01,47329816570,11043089650,5934643568,1251894087,2978444630,3329166847,98.63474,99.16016,1125.9,106.2
2012-04-01,46094754124,10463536254,5307363135,1237804270,2684699609,2751439767,98.74871,99.0414,1135.55,103.35
2012-05-01,46872357095,10716030491,4726885740,1286975266,3024354148,3093617482,98.82944,98.90815,1154.27,94.72
2012-06-01,47162604994,10828777757,4977490336,1369072255,2539827120,3402562013,98.87364,98.77216,1165.51,82.41
2012-07-01,44667681428,11247341363,4692004268,1351975837,2226851858,3337717682,98.88718,98.64774,1143.36,87.93
2012-08-01,43045181248,11061860561,4221897982,1380809715,2487766109,3179793894,98.89918,98.54275,1131.69,94.16
2012-09-01,45412538010,11783075626,4813841920,1340309229,3038832724,2967153292,98.92717,98.46516,1124.78,94.56
2012-10-01,47087760006,12461125903,4438501425,1378261202,2893857628,3291482280,98.9673,98.42512,1106.93,89.57
2012-11-01,47805245779,12429057074,5113742215,1529012572,2814775645,3622014649,99.02192,98.4341,1087.52,86.73
2012-12-01,44875311309,11994263599,4555475076,1499268932,2600831372,3046855254,99.10006,98.49008,1076.97,88.25
2013-01-01,45673108992,11425208289,4960891720,1489705029,2213281582,3518915044,99.19386,98.59083,1065.35,94.83
2013-02-01,42331836668,10387585991,5002517619,1445586525,1909950723,2900960556,99.31439,98.71978,1086.68,95.32
2013-03-01,47312703650,11685542722,4978892498,1827242882,2564802898,2703276679,99.4672,98.85876,1102.2,92.96
2013-04-01,46157925207,12136960810,5347295434,1741362024,2163472777,2430303577,99.6165,99.00243,1121.83,92.07
2013-05-01,48307560429,12481015335,5744405046,1862563085,2380306187,2732790263,99.73177,99.15894,1110.67,94.8
2013-06-01,46690983225,11398722435,5292652127,1674987626,2240549143,2824465569,99.7937,99.32923,1135.21,95.8
2013-07-01,45829520579,12882114281,5153830762,1685025064,2255632111,2839173120,99.79815,99.51009,1127.23,104.7
2013-08-01,46311340570,12474089434,4973462842,1761322233,2333563288,2762424162,99.77014,99.69666,1116.98,106.54
2013-09-01,44650485857,11939788435,4733798906,1833513914,2587170376,2916580851,99.72085,99.87234,1087.35,106.23
2013-10-01,50480484208,13152509513,5465244249,2218187920,2520634323,2987576992,99.67678,100.0195,1066.8,100.55
2013-11-01,47905028162,12920192700,5247925002,1733503264,2321123569,3381553819,99.64987,100.1392,1062.82,93.93
2013-12-01,47981456248,12985768328,5151571399,1814582064,2265821348,2664269482,99.64173,100.2373,1056.67,97.89
2014-01-01,45559632455,11482347663,4856161763,1733302937,1936612945,2810869830,99.63977,100.3241,1064.75,94.86
2014-02-01,42911734549,10757677300,4664001383,1732673534,1976298786,2607399996,99.62702,100.3955,1071.3,100.68
2014-03-01,49064391958,12186981771,5814181509,2095882609,2278012933,2783089468,99.59857,100.4468,1070.89,100.51
2014-04-01,50267447896,12410094981,6376333605,1815755823,2267187304,2717013724,99.55708,100.4628,1044.55,102.03
2014-05-01,47577182544,11305150046,6058690822,1693661598,2288314203,2705134747,99.51596,100.4374,1024.99,101.79
2014-06-01,47827709150,11278077647,6086843865,1706981559,2425874004,2563081096,99.49968,100.3792,1019.36,105.15
2014-07-01,48204545437,11960508236,6102797915,1802428926,2190757142,2992685837,99.53251,100.3055,1019.93,102.39
2014-08-01,46108369810,11984392777,5318312342,1698774582,2280062413,2520905828,99.6244,100.2348,1025.36,96.08
2014-09-01,47446217249,12700145881,5664961041,1886505548,2298876025,2702707335,99.76692,100.1869,1033.24,93.03
2014-10-01,51630656639,13586043899,6798528015,2138138208,2394180476,2888627157,99.94692,100.1692,1060.28,84.34
2014-11-01,46605342145,12471043145,6304664359,1943242632,2500868662,2499017437,100.1436,100.1836,1095.1,75.81
2014-12-01,49461377231,13165237867,6239395215,2104342475,2419357232,2393255279,100.3161,100.2313,1104.33,59.29
2015-01-01,45105389265,12083947251,5561545397,2163835578,2170483312,2251306583,100.4331,100.3076,1088.86,47.33
2015-02-01,41472190637,9927641709,5021263686,1967141454,1810259426,2000724388,100.4995,100.3911,1098.4,50.72
2015-03-01,46822771337,11868032003,6795063949,2443344217,2545223968,2127216181,100.5256,100.4638,1112.57,47.85
2015-04-01,46221931023,11765636558,6204676220,2461287388,2650179906,2380418820,100.5202,100.505,1088.66,54.63
2015-05-01,42327311014,10927132581,5623941107,2244149446,2559831406,2331637206,100.4931,100.5071,1091.27,59.37
2015-06-01,46554511646,11348693390,6503943777,2431976418,2491014663,2230059347,100.4604,100.4838,1112.2,59.83
2015-07-01,45695746774,11180020902,6184651985,2633166079,2630865243,2126238228,100.4527,100.457,1143.22,50.93
2015-08-01,39107399172,10883915001,5059167395,2245105335,2487845003,1870364846,100.4671,100.4348,1179.1,42.89
2015-09-01,43432312357,12045381267,5464307094,2391607104,2739692229,2037366882,100.499,100.4226,1184.76,45.47
2015-10-01,43352045560,12493015151,6011443155,2403076655,2607539279,2138398052,100.5246,100.4169,1148.18,46.29
2015-11-01,44285051775,11610771237,5519654833,2179078681,2839574119,2022536098,100.5275,100.4001,1151.97,42.92
2015-12-01,42379842806,10989746843,5882444203,2206982022,2885669933,2060240639,100.503,100.358,1172.24,37.33
2016-01-01,36260420221,9480539843,5040734289,1984725205,2113289285,1792002099,100.4694,100.2909,1201.67,31.78
2016-02-01,35924540736,8641814638,5222510363,2318556319,2170208859,1696096821,100.453,100.2118,1217.35,30.62
2016-03-01,43002467958,10420521589,6544965121,2783409035,2328129379,2050548563,100.4678,100.1458,1188.21,37.96
2016-04-01,41081552585,9613431316,5823758110,2770462931,2431256512,1776555240,100.5125,100.0966,1147.51,41.12
2016-05-01,39733793730,9928386074,5669349924,2647731803,2657286566,2041330727,100.5867,100.0627,1171.51,46.8
2016-06-01,45209071390,10182598463,6053158794,2668363452,3031084615,2150804229,100.6942,100.0465,1170.5,48.85
2016-07-01,40881700213,10133979815,5290588215,2817810509,2774938756,2067444554,100.8331,100.0534,1144.09,44.8
2016-08-01,40124791131,10304261781,4818513003,2750599586,3230570357,2010573951,100.9912,100.0976,1111.68,44.8
2016-09-01,40846251917,10953271210,5132437801,2796647436,2865856800,2168024802,101.1432,100.1834,1107.49,45.23
2016-10-01,41983329283,11088002164,5401982445,2886439219,2961774667,2103254471,101.2736,100.2922,1125.28,49.94
2016-11-01,45309140839,11632780853,5723085819,3015087934,2954781070,2275226906,101.3959,100.412,1161.64,45.76
2016-12-01,45068879634,12053353493,5741228102,3190623874,3263272175,2223174096,101.5182,100.5391,1182.28,52.17
2017-01-01,40256999916,10754709285,4940100924,2791265431,2721286087,2130047971,101.6351,100.6658,1185.1,52.61
2017-02-01,43166536042,11118131308,5312452585,3181296752,2854472744,2044853150,101.7319,100.7942,1144.92,53.46
2017-03-01,48637831863,11655510517,6200928199,4330456598,3223394812,2395932082,101.7929,100.9188,1134.77,49.67
2017-04-01,50843799013,10589663918,6035663101,4517085112,2828098062,2108329954,101.8124,101.0354,1132.73,51.12
2017-05-01,44926979168,10652551536,5523901512,4153353121,2873922510,2182625743,101.7898,101.1475,1125.28,48.54
2017-06-01,51272451919,10675442357,5980992263,4318913195,3198026020,2350968919,101.7374,101.2601,1130.04,45.2
2017-07-01,48830439652,10791084082,5660933992,3636567276,2903504016,2162170436,101.6541,101.3738,1134.4,46.67
2017-08-01,47105568514,11912498857,5952843871,3754935066,3287457730,2107245781,101.5398,101.4816,1130.79,48.06
2017-09-01,55115239696,13540682915,6597924202,4734487418,3828534234,2516087938,101.3941,101.5742,1131.59,49.88
2017-10-01,44791238727,12580473717,4726842191,3864652296,3657235729,1847998975,101.2163,101.6336,1131.57,51.59
2017-11-01,49707196884,14000887074,6381591389,4411512124,3751698650,2520013186,101,101.6552,1105.04,56.66
2017-12-01,49040139428,13848364137,5295553358,4059314859,3984650207,2449866992,100.7588,101.6381,1085.78,57.95
2018-01-01,49221290908,13381305014,5159690617,4277334440,3429413331,2583914212,100.5336,101.58,1066.7,63.66
2018-02-01,44523529594,11522664092,4682547672,3627831822,3032519739,2446179743,100.3399,101.4773,1079.58,62.18
2018-03-01,51309931550,13576667103,6078616405,4196644652,4122520611,2603449960,100.1738,101.3321,1071.89,62.77
2018-04-01,49850235277,13034964359,5942113553,3724493793,3838410014,2482756392,100.0423,101.1488,1067.76,66.33
2018-05-01,50687749864,13851899898,6153032588,3781174443,4237216652,2513782252,99.93397,100.9307,1076.39,69.98
2018-06-01,51079375327,13814240920,6421517754,3934797470,4363034750,2578912716,99.83429,100.6774,1092.8,67.32
2018-07-01,51810254527,13721233127,6151681428,3915009646,4150645518,2542258168,99.75079,100.3962,1122.8,70.58
2018-08-01,51180449254,14401521303,6048101982,4353160159,4076287662,2409639571,99.67902,100.1063,1121.15,67.85
2018-09-01,50650208140,14590529300,5821080858,3946877918,4903221049,2469036724,99.6045,99.84256,1120.6,70.08
2018-10-01,54860309595,14767040501,6980163813,4248685490,3869674845,2764707751,99.52021,99.63489,1130.81,70.76
2018-11-01,51479529532,13558761072,6840970688,4520135567,3104349754,2707330806,99.433,99.48946,1128.58,56.69
2018-12-01,48206793082,11904228702,6440414832,4095952159,2869147063,2426612069,99.34869,99.38457,1122.9,48.98
2019-01-01,46168934249,10836336432,6209466480,4025559711,2217703931,2617332541,99.26302,99.31412,1122,51.55
2019-02-01,39481803311,9532194006,5442457412,3576740231,2311680172,2296310001,99.17184,99.26993,1122.45,54.98
2019-03-01,47003206185,11442780896,6319152288,4065313919,3266774709,2261652259,99.06383,99.23051,1130.72,58.17
2019-04-01,48781156049,12429813199,6158443400,4197071755,2591788494,2277192076,98.93917,99.17575,1140.95,63.87
2019-05-01,45703948228,11014512679,6500300797,3648722440,2944595164,2533489284,98.82048,99.09859,1183.29,60.87
2019-06-01,44008404018,10422956041,6249176071,3589371927,2871892240,2255618857,98.72498,99.00823,1175.62,54.71
2019-07-01,46078221134,11444066676,6113229620,4220824208,2761539257,2545211759,98.64983,98.92618,1175.31,57.55
2019-08-01,44020065156,11287793374,5619802922,4484556281,2578175500,2243164653,98.61156,98.87161,1208.98,54.84
2019-09-01,44629052707,11362385855,5690676178,4229158129,2825991654,2310566270,98.61821,98.8456,1197.55,56.97
2019-10-01,46648756033,12243753683,6357758160,4209044967,2478883744,2372581195,98.67698,98.84699,1184.13,54.01
2019-11-01,44040721772,11888954728,6265034318,4052033453,2454636357,2410613103,98.76867,98.86151,1167.45,57.07
2019-12-01,45668341127,12296985639,6418400063,3879351714,2609214538,2296481406,98.85627,98.87062,1175.84,59.8
2020-01-01,43103060857,9642031236,5740347386,4081500059,2193755203,2434952964,98.90381,98.86423,1164.28,57.53
2020-02-01,40911818805,8824933471,5931571874,3931516792,2546965586,2265044812,98.9113,98.83873,1193.79,50.54
2020-03-01,46167203855,10643503407,7281215108,3998333951,3172786959,2485052839,98.90107,95.88287,1220.09,30.45
2020-04-01,36270182837,10151494828,5277225836,2713976274,2379361597,1984660364,98.9196,88.69578,1225.23,16.7
2020-05-01,34854511400,10743735243,4589357750,2917842478,2362302297,1781736895,98.99467,91.79689,1228.67,28.53
2020-06-01,39214070630,11443239696,5735514639,3503966589,2337610130,1849842809,99.16191,96.05669,1210.01,38.31
2020-07-01,42785144050,11726183448,6596978783,4203037693,2034337542,1999257195,99.41719,97.63802,1198.9,40.77
2020-08-01,39469230580,10937537712,5581925095,4107144926,2150968919,1761392723,99.72765,98.13431,1186.85,42.39
2020-09-01,47819947522,12185274325,6997553830,4796012203,3005224076,2156620830,100.0586,98.3217,1178.8,39.63
2020-10-01,44818534427,11527355549,6562208994,4508943206,2731820714,1924047355,100.3767,98.45467,1144.68,39.55
2020-11-01,45751883232,12029854423,6664272439,4506085066,2635980263,2122869801,100.6701,98.63699,1116.76,41.35
2020-12-01,51332449396,12710301396,7157647338,5242213207,3102676601,2332172653,100.9399,98.98676,1095.13,47.07
2021-01-01,48006973697,11787036611,8412354594,4642317898,2441564805,2237046015,101.2069,99.16486,1097.49,52.1
2021-02-01,44706906918,11208799453,6396234633,3907994035,2516268543,2191909157,101.4586,99.5245,1111.72,59.06
2021-03-01,53690914321,13408119054,7970755898,4207078759,3402418498,2415077031,101.68,100.0622,1131.02,62.36
2021-04-01,51225991397,13401058327,7557229358,4334987144,2985366252,2489524820,101.8385,100.431,1119.4,61.7
2021-05-01,50725161248,13246809078,7448015955,4167818891,3093419795,2361626618,101.889,100.7696,1123.28,65.16
2021-06-01,54778904949,13070490087,8717226261,4581970971,3471242070,2597105443,101.8182,101.0163,1121.3,71.35
2021-07-01,55461518159,13586374429,8724015829,4934034094,2872361283,2565013671,101.6371,101.1617,1143.98,72.43
2021-08-01,53165103786,13881327880,7704223847,4850337611,3415828590,2522980082,101.368,101.2144,1160.34,67.71
2021-09-01,55913862375,14291980345,7983934107,5101701490,3852088155,2541017857,101.0363,101.1949,1169.54,71.54
2021-10-01,55660372637,14415867215,8066782602,4904971459,2739662629,2614683864,100.6901,101.1177,1182.82,81.22
2021-11-01,60330542263,15272549044,8133640339,5478296945,3232583381,2813250497,100.3722,100.9916,1182.91,78.65
2021-12-01,60734116670,15342562681,8787542044,5617022808,3444272573,2712571429,100.0897,100.8288,1183.7,71.69
